{"training/loss": 5.523581504821777, "_timestamp": 1707275042.8129785, "training/top1_accuracy": 0.0390625, "training/top5_accuracy": 0.16796875, "_runtime": 6324.031542539597, "_step": 2400}