{"training/loss": 5.931455612182617, "_timestamp": 1707268382.3909116, "training/top1_accuracy": 0.02734375, "training/top5_accuracy": 0.08203125, "_runtime": 2478.8826615810394, "_step": 1700}